flight_id,max_weight_capacity,max_volume_capacity,departure_time,arrival_time,origin,destination,aircraft_type
AF113,10000,60,2024-01-20T08:00:00,2024-01-20T12:00:00,CDG,JFK,Boeing 777
BA224,15000,80,2024-01-21T19:00:00,2024-01-22T03:00:00,LHR,DXB,Airbus A380
LH330,8000,50,2024-01-25T14:00:00,2024-01-25T20:00:00,FRA,SIN,Boeing 747
UA440,12000,65,2024-01-26T09:00:00,2024-01-26T15:00:00,SFO,HND,Boeing 787
DL550,9500,55,2024-01-27T11:00:00,2024-01-27T17:00:00,JFK,LHR,Airbus A350
EK660,13000,75,2024-01-28T13:00:00,2024-01-28T19:00:00,DXB,CDG,Boeing 777
QF770,8500,58,2024-01-29T20:00:00,2024-01-30T02:00:00,SYD,SIN,Airbus A330
AA880,14000,70,2024-01-30T22:00:00,2024-01-31T04:00:00,DFW,NRT,Boeing 787
SQ345,11000,67,2024-01-31T16:00:00,2024-01-31T22:00:00,SIN,JFK,Airbus A380
BA229,16000,85,2024-02-01T18:00:00,2024-02-02T00:00:00,LHR,ORD,Boeing 747
